ID;TITULO;IMAGEN;TIPO;EPISODIOS;ESTADO;FECHA_ESTRENO;SRC;DURACION
1;Sono Bisque Doll wa Koi wo Suru;https://cdn.myanimelist.net/images/anime/1179/119897.jpg;TV;12;Finished Airing;2022-01-09;Manga;23.0;High school student Wakana Gojou spends his days perfecting the art of making hina dolls, hoping to eventually reach his grandfather's level of expertise. While his fellow teenagers busy themselves with pop culture, Gojou finds bliss in sewing clothes for his dolls. Nonetheless, he goes to great lengths to keep his unique hobby a secret, as he believes that he would be ridiculed were it revealed.  Enter Marin Kitagawa, an extraordinarily pretty girl whose confidence and poise are in stark contrast to Gojou's meekness. It would defy common sense for the friendless Gojou to mix with the likes of Kitagawa, who is always surrounded by her peers. However, the unimaginable happens when Kitagawa discovers Gojou's prowess with a sewing machine and brightly confesses to him about her own hobby: cosplay. Because her sewing skills are pitiable, she decides to enlist his help.  As Gojou and Kitagawa work together on one cosplay outfit after another, they cannot help but grow close—even though their lives are worlds apart.  [Written by MAL Rewrite]
2;Wotaku ni Koi wa Muzukashii;https://cdn.myanimelist.net/images/anime/1864/93518.jpg;TV;11;Finished Airing;2018-04-13;Web manga;22.0;Having slept through all four of her alarms, the energetic Narumi Momose finds herself running late for her first day of work at a new office. As she races to catch her train, she makes a promise to herself that none of her coworkers will find out about her dark secret: that she is an otaku and a fujoshi. Her plan goes instantly awry, though, when she runs into Hirotaka Nifuji, an old friend from middle school. Although she tries to keep her secret by inviting him out for drinks after work, her cover is blown when he casually asks her whether or not she will be attending the upcoming Summer Comiket. Luckily for her, the only witnesses—Hanako Koyanagi and Tarou Kabakura—are otaku as well.  Later that night, the pair go out for drinks so that they can catch up after all the years apart. After Narumi complains about her previous boyfriend breaking up with her because he refused to date a fujoshi, Hirotaka suggests that she try dating a fellow otaku, specifically himself. He makes a solemn promise to always be there for her, to support her, and to help her farm for rare drops in Monster Hunter. Blown away by the proposal, Narumi agrees immediately. Thus the two otaku start dating, and their adorably awkward romance begins.  [Written by MAL Rewrite]
3;Gekkan Shoujo Nozaki-kun;https://cdn.myanimelist.net/images/anime/5/66083.jpg;TV;12;Finished Airing;2014-07-07;4-koma manga;24.0;Chiyo Sakura is a cheerful high school girl who has fallen head over heels for the oblivious Umetarou Nozaki. Much to Chiyo's confusion, when she confesses to her beloved Nozaki, he hands her an unfamiliar autograph. As it turns out, the stoic teenage boy is actually a respected shoujo mangaka, publishing under the pen name Sakiko Yumeno! A series of misunderstandings leads to Chiyo becoming one of Nozaki's manga assistants.  Throughout the hilarious events that ensue, she befriends many of her quirky schoolmates, including her seemingly shameless fellow assistant, Mikoto Mikoshiba, and the "Prince of the School," Yuu Kashima. Gekkan Shoujo Nozaki-kun follows Chiyo as she strives to help Nozaki with his manga and hopes that he will eventually notice her feelings.  [Written by MAL Rewrite]
4;NHK ni Youkoso!;https://cdn.myanimelist.net/images/anime/3/52675.jpg;TV;24;Finished Airing;2006-07-10;Novel;23.0;Twenty-two-year-old college dropout Tatsuhiro Satou has been a hikikomori for almost four years now. In his isolation, he has come to believe in many obscure conspiracy theories, but there is one in particular which he holds unshakable faith in: the theory that the evil conspirator behind his shut-in NEET (Not in Employment, Education or Training) status is the Nihon Hikikomori Kyokai (NHK)—an evil and secret organization dedicated to fostering the spread of hikikomori culture.  NHK ni Youkoso! is a psychological dramedy that follows Tatsuhiro as he strives to escape from the NHK's wicked machinations and the disease of self-wrought isolation, while struggling to even just leave his apartment and find a job. His unexpected encounter with the mysterious Misaki Nakahara might signal a reversal of fortune for Tatsuhiro, but with this meeting comes the inevitable cost of having to face his greatest fear—society.  [Written by MAL Rewrite]
5;Eromanga-sensei;https://cdn.myanimelist.net/images/anime/2/86468.jpg;TV;12;Finished Airing;2017-04-09;Light novel;23.0;One year ago, Sagiri Izumi became step-siblings with Masamune Izumi. But the sudden death of their parents tears their new family apart, resulting in Sagiri becoming a shut-in which cut her off from her brother and society.  While caring for what's left of his family, Masamune earns a living as a published light novel author with one small problem: he's never actually met his acclaimed illustrator, Eromanga-sensei, infamous for drawing the most lewd erotica. Through an embarrassing chain of events, he learns that his very own little sister was his partner the whole time!  As new characters and challenges appear, Masamune and Sagiri must now face the light novel industry together. Eromanga-Sensei follows the development of their relationship and their struggle to become successful; and as Sagiri slowly grows out of her shell, just how long will she be able to hide her true persona from the rest of the world?  [Written by MAL Rewrite]
6;Himouto! Umaru-chan;https://cdn.myanimelist.net/images/anime/12/75086.jpg;TV;12;Finished Airing;2015-07-09;Manga;24.0;People are not always who they appear to be, as is the case with Umaru Doma, the perfect high school girl—that is, until she gets home! Once the front door closes, the real fun begins. When she dons her hamster hoodie, she transforms from a refined, over-achieving student into a lazy, junk food-eating otaku, leaving all the housework to her responsible older brother Taihei. Whether she's hanging out with her friends Nana Ebina and Kirie Motoba, or competing with her self-proclaimed "rival" Sylphinford Tachibana, Umaru knows how to kick back and have some fun!  Himouto! Umaru-chan is a cute story that follows the daily adventures of Umaru and Taihei, as they take care of—and put up with—each other the best they can, as well as the unbreakable bonds between friends and siblings.  [Written by MAL Rewrite]
7;Ore no Imouto ga Konnani Kawaii Wake ga Nai;https://cdn.myanimelist.net/images/anime/1508/129576.jpg;TV;12;Finished Airing;2010-10-03;Light novel;24.0;Kirino Kousaka embodies the ideal student with equally entrancing looks. Her grades are near perfect, and to cover her personal expenses, she works as a professional model alongside her best friend Ayase Aragaki, who abhors liars and all things otaku. But what Ayase doesn't know is that Kirino harbors a deep, entrenched secret that will soon be brought to light.  At home one day, Kyousuke, Kirino's perfectly average brother, stumbles upon an erotic game that belongs to none other than his seemingly flawless little sister. With her reputation at stake, Kirino places a gag order on her sibling while simultaneously introducing him to the world of eroge and anime. Through Kirino, Kyousuke encounters the gothic lolita Ruri Gokou and the bespectacled otaku Saori Makishima, thus jump-starting an entirely new lifestyle. But as he becomes more and more involved in his little sister's secret life, it becomes that much harder to keep under wraps.  [Written by MAL Rewrite]
8;Saenai Heroine no Sodatekata;https://cdn.myanimelist.net/images/anime/7/68783.jpg;TV;12;Finished Airing;2015-01-16;Light novel;23.0;Tomoya Aki, an otaku, has been obsessed with collecting anime and light novels for years, attaching himself to various series with captivating stories and characters. Now, he wants to have a chance of providing the same experience for others by creating his own game, but unfortunately, Tomoya cannot do this task by himself.  He successfully recruits childhood friend Eriri Spencer Sawamura to illustrate and literary elitist Utaha Kasumigaoka to write the script for his visual novel, while he directs. Super-group now in hand, Tomoya only needs an inspiration to base his project on, and luckily meets the beautiful, docile Megumi Katou, who he then models his main character after.  Using what knowledge he has, Tomoya creates a new doujin circle with hopes to touch the hearts of those who play their game. What he does not realize, is that to invoke these emotions, the creators have had to experience the same feelings in their own lives.  [Written by MAL Rewrite]
9;Blend S;https://cdn.myanimelist.net/images/anime/6/88286.jpg;TV;12;Finished Airing;2017-10-08;4-koma manga;23.0;Wishing to be independent, 16-year-old Maika Sakuranomiya is desperate to nail down a part-time job so that she can afford to study abroad. Unfortunately, her applications are constantly rejected due to the menacing look she unintentionally makes whenever she smiles, despite her otherwise cheerful disposition.  After yet another failed interview, she chances upon Café Stile, a coffee shop where the servers interact with the customers while roleplaying distinctive characteristics. The Italian store manager, Dino, becomes infatuated with Maika's cuteness at first sight, and offers her a job as a waitress with a sadistic nature. Coupled with her inherent clumsiness, she successfully manages to serve a pair of masochistic customers in accordance with her new, ruthless persona. Alongside Kaho Hinata as the tsundere and Mafuyu Hoshikawa as the younger sister, Maika decides to make the most out of her unique quirk and cements her position in the cafe with merciless cruelty!  [Written by MAL Rewrite]
10;Watashi ga Motenai no wa Dou Kangaetemo Omaera ga Warui!;https://cdn.myanimelist.net/images/anime/12/51619.jpg;TV;12;Finished Airing;2013-07-09;Web manga;24.0;After living 50 simulated high school lives and dating over 100 virtual boys, Tomoko Kuroki believes that she is ready to conquer her first year of high school. Little does she know that she is much less prepared than she would like to think. In reality, Tomoko is an introverted and awkward young girl, and she herself is the only one who doesn't realize it! With the help of her best friend, Yuu Naruse, and the support and love of her brother Tomoki, Tomoko attempts to brave the new world of high school life.  Watashi ga Motenai no wa Dou Kangaetemo Omaera ga Warui! chronicles the life of a socially awkward and relatively friendless high school otaku as she attempts to overcome her personal barriers in order to live a fulfilling life.  [Written by MAL Rewrite]
11;Gamers!;https://cdn.myanimelist.net/images/anime/4/86828.jpg;TV;12;Finished Airing;2017-07-13;Light novel;24.0;Keita Amano is a typical high school gamer living out an average student's life. One day, however, he has an unexpected meeting with the cutest girl in school that makes him want to disappear without a trace!  This girl, Karen Tendou, is an exemplary student who is proclaimed to be the school's idol. She discovers that Amano is a gamer, and this newfound knowledge incites a passionate desire within her to recruit him into the game club. Upon visiting the club, Amano is forcefully made aware of a side to gaming wildly different than the one he loves so dearly.  Tendou's interest in Amano begins shaking up what was once an uneventful life, filling it with spontaneity, awkwardness, and a little bit of mayhem. As a result, every day becomes a comical battle for Amano's sanity as he tries to adapt to these wild, unexpected changes.  [Written by MAL Rewrite]
12;Lucky☆Star;https://cdn.myanimelist.net/images/anime/1561/115660.jpg;TV;24;Finished Airing;2007-04-08;4-koma manga;24.0;Lucky☆Star follows the daily lives of four cute high school girls—Konata Izumi, the lazy otaku; the Hiiragi twins, Tsukasa and Kagami (sugar and spice, respectively); and the smart and well-mannered Miyuki Takara.  As they go about their lives at school and beyond, they develop their eccentric and lively friendship and making humorous observations about the world around them. Be it Japanese tradition, the intricacies of otaku culture, academics, or the correct way of preparing and eating various foods—no subject is safe from their musings.  [Written by MAL Rewrite]
13;Kami nomi zo Shiru Sekai;https://cdn.myanimelist.net/images/anime/2/43361.jpg;TV;12;Finished Airing;2010-10-07;Manga;23.0;Keima Katsuragi, known online as the legendary "God of Conquest," can conquer any girl's heart—in dating sim games, at least. In reality, he opts for the two-dimensional world of gaming over real life because he is an unhealthily obsessed otaku of galge games (a type of Japanese video game centered on interactions with attractive girls).  When he arrogantly accepts an anonymous offer to prove his supremacy at dating sim games, Keima is misled into aiding a naive and impish demon from hell named Elucia "Elsie" de Lute Ima with her mission: retrieving runaway evil spirits who have escaped from hell and scattered themselves throughout the human world. Keima discovers that the only way to capture these spirits is to conquer what he hates the most: the unpredictable hearts of three-dimensional girls! Shackled to Elsie via a deadly collar, Keima now has his title of "God of Conquest" put to the ultimate test as he is forced to navigate through the hearts of a multitude of real-life girls.  [Written by MAL Rewrite]
14;Bakuman.;https://cdn.myanimelist.net/images/anime/6/26138.jpg;TV;25;Finished Airing;2010-10-02;Manga;24.0;As a child, Moritaka Mashiro dreamt of becoming a mangaka, just like his childhood hero and uncle, Tarou Kawaguchi, creator of a popular gag manga. But when tragedy strikes, he gives up on his dream and spends his middle school days studying, aiming to become a salaryman instead.  One day, his classmate Akito Takagi, the school's top student and aspiring writer, notices the detailed drawings in Moritaka's notebook. Seeing the vast potential of his artistic talent, Akito approaches Moritaka, proposing that they become mangaka together. After much convincing, Moritaka realizes that if he is able to create a popular manga series, he may be able to get the girl he has a crush on, Miho Azuki, to take part in the anime adaptation as a voice actor. Thus the pair begins creating manga under the pen name Muto Ashirogi, hoping to become the greatest mangaka in Japan, the likes of which no one has ever seen.  [Written by MAL Rewrite]
15;Watashi ga Motete Dousunda;https://cdn.myanimelist.net/images/anime/4/81953.jpg;TV;12;Finished Airing;2016-10-07;Manga;23.0;Kae Serinuma is a very kind second-year high school student and a devoted otaku. A little known fact about her, though, is that she's obsessed with BL, or Boy's Love. Serinuma can't help but to fantasize about her male classmates falling for each other and enjoys imagining them together. A more known fact about Serinuma, however, is that she’s noticeably overweight.  While watching her favorite show one day, Serinuma witnesses the death of her most beloved character. Utterly depressed, she can't muster up the energy to eat her meals, let alone attend school. After an entire week, she finally recovers. But now there's something unusual about her—during the time she refused to leave her room, she ended up losing a large amount of weight and has somehow become strikingly beautiful!  Now catching the eye of everyone who sees her, she finds herself at the center of attention of four boys she has always known at her school. Though they all wish to spend time with her, Serinuma would much rather they spend time falling in love with one another. How will Serinuma deal with the four boys pursuing her BL-obsessed self?  [Written by MAL Rewrite]
16;Shirobako;https://cdn.myanimelist.net/images/anime/1918/93511.jpg;TV;24;Finished Airing;2014-10-09;Original;24.0;It all started in Kaminoyama High School, when five best friends—Aoi Miyamori, Ema Yasuhara, Midori Imai, Shizuka Sakaki, and Misa Toudou—discovered their collective love for all things anime and formed the animation club. After making their first amateur anime together and showcasing it at the culture festival, the group vows to pursue careers in the industry, aiming to one day work together and create their own mainstream show.  Two and a half years later, Aoi and Ema have managed to land jobs at the illustrious Musashino Animation production company. The others, however, are finding it difficult to get their dream jobs. Shizuka is feeling the weight of not being recognized as a capable voice actor, Misa has a secure yet unsatisfying career designing 3D models for a car company, and Midori is a university student intent on pursuing her dream as a story writer. These five girls will learn that the path to success is one with many diversions, but dreams can still be achieved through perseverance and a touch of eccentric creativity.  [Written by MAL Rewrite]
17;Ore no Imouto ga Konnani Kawaii Wake ga Nai.;https://cdn.myanimelist.net/images/anime/1325/100406.jpg;TV;13;Finished Airing;2013-04-07;Light novel;24.0;The diehard otaku Kirino Kousaka has returned and settled back into life in Japan with her friends and family. Despite what her older brother Kyousuke has previously done for her, Kirino continues to give him the cold shoulder, much to his frustration. He is worried that his persuasion for Kirino to drop her track and field training in America and return home may have severely strained his relationship with her. On top of that, Kyousuke now also has to decode a bold and cryptic message from Ruri "Kuroneko" Gokou, his junior at school as well as Kirino's friend.  As the ties between the two siblings and their friends deepen, Kirino and Kyousuke will soon have to figure out how they want to deal with these relationships, helping each other realize their own feelings in the process. In spite of that, Kirino still manages to find time to satisfy her otaku needs with the company of her brother.  [Written by MAL Rewrite]
18;New Game!;https://cdn.myanimelist.net/images/anime/9/80417.jpg;TV;12;Finished Airing;2016-07-04;4-koma manga;24.0;Since childhood, Aoba Suzukaze has loved the Fairies Story game series, particularly the character designs. So when she graduates from high school, it is no surprise that she applies to work at Eagle Jump, the company responsible for making her favorite video game. On her first day, she is excited to learn that she will be working on a new installment to the series: Fairies Story 3—and even more so under Kou Yagami, the lead character designer.  In their department are people who share the same passion for games. There is Yun Iijima, whose specialty is designing monsters; the shy Hifumi Takimoto, who prefers to communicate through instant messaging; Hajime Shinoda, an animation team member with an impressive figurine collection; Rin Tooyama, the orderly art director; Shizuku Hazuki, the game director who brings her cat to work; and Umiko Ahagon, the short-tempered head programmer.  New Game! follows Aoba and the others on their adventure through the ups and downs of game making, from making the perfect character design to fixing all the errors that will inevitably accumulate in the process.  [Written by MAL Rewrite]
19;Kami nomi zo Shiru Sekai II;https://cdn.myanimelist.net/images/anime/11/30030.jpg;TV;12;Finished Airing;2011-04-12;Manga;23.0;Keima Katsuragi, the "God of Conquest," returns to his quest of expelling runaway spirits that have possessed the hearts of women. Still stuck in his contract with the demon Elsie, he must continue to utilize the knowledge he has gained from mastering multitudes of dating simulators and chase out the phantoms that reside within by capturing the hearts of that which he hates most: three-dimensional girls.  However, the God of Conquest has his work cut out for him. From exorcising karate practitioners and student teachers to the arrival of Elsie's best friend from Hell, he is up against a wide array of girls that will test his wit and may even take him by surprise. Though he would much rather stick to the world of 2D, he is trapped in lousy reality, and so Keima must trudge forward in his conquest of love.  [Written by MAL Rewrite]
20;Saenai Heroine no Sodatekata ♭;https://cdn.myanimelist.net/images/anime/2/84797.jpg;TV;11;Finished Airing;2017-04-14;Light novel;22.0;After finally completing the first route of his visual novel, Blessing Software's producer Tomoya Aki is optimistic about the future of his team and achieving their goal of creating the best game of the season.  However, they still have a long way to go. For one, Megumi Katou still has an incredibly flat personality and is unable to fit the role of Tomoya's ideal heroine. The other members of Blessing Software, Eriri Spencer Sawamura, Utaha Kasumigaoka, and Michiru Hyoudou, often forget she is even there due to her lack of presence and character.  Throughout the development of their game, Blessing Software learns the struggles of working in an industry where deadlines must be met and edits are made constantly, and the hardships of working in a group setting.  [Written by MAL Rewrite]
21;Outbreak Company;https://cdn.myanimelist.net/images/anime/7/54343.jpg;TV;12;Finished Airing;2013-10-04;Light novel;24.0;Shinichi Kanou is a shut-in otaku with a vast knowledge of anime, manga, and video games. One day, after applying for a job in hopes of escaping his secluded lifestyle, he is kidnapped and transported to the Eldant Empire—a fantasy world filled with elves, dragons, and dwarves. Trapped in this strange land, Shinichi is given an unlikely task by the Japanese government: to spread otaku culture across the realm by becoming an "Otaku Missionary."  To accomplish his mission, Shinichi has the full support of the Japanese government, as well as the half-elf maid Myucel and Princess Petralka of the Eldant Empire. Together with this ragtag bunch, he will overcome the obstacles of politics, social classes, and ethnic discrimination to promote the ways of the otaku in this holy land.  [Written by MAL Rewrite]
22;Bakuman. 2nd Season;https://cdn.myanimelist.net/images/anime/3/34923.jpg;TV;25;Finished Airing;2011-10-01;Manga;24.0;With the serialization of their new manga, "Detective Trap," the writer-artist team, Akito Takagi and Moritaka Mashiro, better known by their pseudonym Muto Ashirogi, are one step closer to becoming world-renowned mangaka. For Mashiro, however, serialization is just the first step. Having promised to marry his childhood sweetheart and aspiring voice actress, Azuki Miho, once his manga gets an anime adaptation, Mashiro must continue his to popularize Ashirogi's work. A tremendously competitive cast of ambitious mangaka—including the wild genius, Eiji Niizuma; the elegant student, Yuriko Aoki, and her older admirer and partner, Takurou Nakai; the lazy prodigy, Kazuya Hiramaru; and the abrasive artist, Shinta Fukuda—both support and compete against Muto Ashirogi in creating the next big hit.  As they adjust to their young and seemingly untested new editor, the dynamic duo struggle to maintain their current serialization, secure the top spot in Shounen Jack, and ultimately, achieve an anime adaptation of their manga. With new rivals and friends, Bakuman. 2nd Season continues Takagi and Mashiro's inspiring story of hard work and young love.  [Written by MAL Rewrite]
23;Danna ga Nani wo Itteiru ka Wakaranai Ken;https://cdn.myanimelist.net/images/anime/7/75287.jpg;TV;13;Finished Airing;2014-10-03;4-koma manga;3.0;Though they couldn't be any more different, love has managed to blossom between Hajime Tsunashi, a hardcore otaku who shuts himself in at home while making a living off his blog, and his wife Kaoru—a hard-working office lady who, in contrast, is fairly ordinary, albeit somewhat of a crazy drunk. As this unlikely couple discovers, love is much more than just a first kiss or a wedding; the years that come afterward in the journey of marriage brings with it many joys as well as challenges.  Whether due to their quirky personalities or the peculiar people surrounding them, Hajime and Kaoru find themselves caught up in a variety of baffling and ridiculous antics. But despite the struggles they face, the love that ties them together spurs them to move forward and strive to become better people in order to bring their partner happiness.  [Written by MAL Rewrite]
24;Kami nomi zo Shiru Sekai: Megami-hen;https://cdn.myanimelist.net/images/anime/6/51949.jpg;TV;12;Finished Airing;2013-07-09;Manga;24.0;Having freed a myriad of women from the runaway spirits possessing their hearts, the "God of Conquest" Keima Katsuragi is confronted with a new task: find the Jupiter Sisters, the goddesses that sealed Old Hell in the past. Diana, the goddess that resides inside his childhood friend Tenri Ayukawa, explains that they have taken shelter in the hearts of the girls he had assisted previously. Moreover, once Diana and her sisters are reunited, their power can seal the runaway spirits away for good and relieve Keima of his exorcising duties. Though he is initially reluctant to get involved in yet another chore, everything changes when tragedy befalls one of the hosts.  Discovering that the goddesses are being targeted by a mysterious organization known as Vintage, Keima is caught in a race against time to reunite the sisters and rescue the girl who has already fallen prey. With deeper resolve than ever before, Keima works together with demons Elsie and Haqua to recapture the hearts of the girls he had charmed in the past. However, the road ahead is a difficult one, as he is soon met with the consequences of his previous conquests.  [Written by MAL Rewrite]
25;3D Kanojo: Real Girl;https://cdn.myanimelist.net/images/anime/1327/93616.jpg;TV;12;Finished Airing;2018-04-04;Manga;22.0;For Hikari Tsutsui, life within the two-dimensional realm is much simpler. Socially inept and awkward, he immerses himself in video games and anime, only to be relentlessly ridiculed and ostracized by his classmates. Sharing his misery is Yuuto Itou, his only friend, who wears cat ears and is equally obsessed with the world of games.  After being forced to clean the pool as punishment for arriving late, Tsutsui meets Iroha Igarashi, but he attempts to steer clear of her, as her notoriety precedes her. Brazenly blunt, loathed by female classmates, and infamous for messing around with boys, Tsutsui believes that getting involved with her would cause nothing but problems.  3D Kanojo: Real Girl is a story revolving around these two outcasts—a boy full of emotions he has never experienced before, struggling to lay them bare, and a girl who strives to break him out of his shell.  [Written by MAL Rewrite]
26;Eizouken ni wa Te wo Dasu na!;https://cdn.myanimelist.net/images/anime/1680/110451.jpg;TV;12;Finished Airing;2020-01-06;Manga;25.0;Midori Asakusa sees the world a bit differently. Always having her nose in a sketchbook, Asakusa draws detailed landscapes and backgrounds of both the world around her and the one within her boundless imagination. Even the simple act of doodling on a wall evolves into an emergency repair on the outer hull of her spaceship. She is only brought back to reality by her best friend Sayaka Kanamori. The pair are stark opposites, with Asakusa's childlike wonder contrasted by Kanamori's calculated approach to life.  After a chance encounter where the two "save" the young model Tsubame Misuzaki from her overprotective bodyguard, a connection instantly sparks between Asakusa and Misuzaki, as both share an intense passion for art and animation. Whereas Asakusa is interested in backgrounds and settings, Misuzaki loves drawing the human form. Sensing a money-making opportunity, Kanamori suggests that they start an animation club, which they disguise as a motion picture club since the school already has an anime club. Thus begins the trio's journey of producing animation that will awe the world.  From the brilliant mind of Masaaki Yuasa, Eizouken ni wa Te wo Dasu na! is a love letter to animation, wildly creative in its approach, and a testament to the potential of the medium.  [Written by MAL Rewrite]
27;Isekai Ojisan;https://cdn.myanimelist.net/images/anime/1743/125204.jpg;TV;13;Finished Airing;2022-07-06;Web manga;24.0;After a fatal encounter with a truck, Takafumi Takaoka's uncle, Yousuke "Ojisan" Shibazaki, lies comatose for 17 years. When he finally regains consciousness, Ojisan begins to ramble in a foreign tongue and reveals that he had been transported to a magical world called Gran Bahamal. Takafumi dismisses his uncle's claims as nonsense until an incantation makes a cup of water hover in the air. In a flash of brilliance, the pair creates a YouTube channel to showcase Ojisan's magical abilities.  The responsibility now falls on Takafumi's shoulders to acquaint Ojisan with everything that has transpired during his absence, including getting him up to speed with the internet, new technology, and surprisingly, the outcome of the '90s console war—the result of which was especially distressing for a hardcore SEGA fan. With Ojisan's wisdom from his other world experiences, they grow their YouTube channel and tackle online comments and trolls. The journey of this uncle-nephew duo promises to be anything but conventional.  [Written by MAL Rewrite]
28;Bakuman. 3rd Season;https://cdn.myanimelist.net/images/anime/6/41845.jpg;TV;25;Finished Airing;2012-10-06;Manga;24.0;Onto their third serialization, manga duo Moritaka Mashiro and Akito Takagi—also known by their pen name, Muto Ashirogi—are ever closer to their dream of an anime adaption. However, the real challenge is only just beginning: if they are unable to compete with the artist Eiji Niizuma in the rankings within the span of six months, they will be canceled. To top it off, numerous rivals are close behind and declaring war. They don't even have enough time to spare thinking about an anime!  In Bakuman. 3rd Season, Muto Ashirogi must find a way to stay atop the colossal mountain known as the Shounen Jack rankings. With new problems and new assistants, the pair continue to strive for their dream.  [Written by MAL Rewrite]
29;Kakushigoto;https://cdn.myanimelist.net/images/anime/1048/128385.jpg;TV;12;Finished Airing;2020-04-02;Manga;23.0;Kakushi Gotou is a somewhat popular manga artist whose works are known for inappropriate content. Because of this raunchiness, when his daughter Hime was born, he vowed to keep his profession hidden from her, believing that she will be disillusioned if she finds out.  This paranoia-induced belief leads Kakushi into hectic situations. Despite being a single father, he does his best and often resorts to extreme ends just to protect his secret, such as guising as a salaryman every day or holding emergency drills in case Hime somehow finds her way to his workplace.  Kakushigoto tells the story of a father and daughter living side by side, maintaining their peaceful existence as the father attempts to preserve the status quo. However, there is a saying: "there are no secrets that time cannot reveal." In time, Hime must learn the reality behind the things she took for granted as she grew up.  [Written by MAL Rewrite]
30;Love Stage!!;https://cdn.myanimelist.net/images/anime/11/76599.jpg;TV;10;Finished Airing;2014-07-10;Manga;23.0;With an actress mother, producer father, and rockstar brother, anyone would expect Izumi Sena to eventually enter showbiz himself. However, aside from a commercial for a wedding magazine when he was a child, Izumi has never been in the spotlight; instead, he aims to become a manga artist.  But a decade after the shoot, the magazine calls for a 10th anniversary ad, requesting the original child actors for the project. This reunites Izumi with Ryouma Ichijou, now a popular actor who, much to Izumi's shock, has been in love with him ever since their first meeting! However, due to Izumi's feminine appearance and unisex name, Ryouma believed the boy was a girl and continues to do so to this day. Izumi's troubles are just beginning, because even after discovering the truth, Ryouma can't seem to shake off his feelings...  [Written by MAL Rewrite]
31;New Game!!;https://cdn.myanimelist.net/images/anime/4/86790.jpg;TV;12;Finished Airing;2017-07-11;4-koma manga;24.0;It has been a year since Aoba Suzukaze started working at the Eagle Jump game company. In that time, she and her eccentric coworkers in the character design department have worked hard to release the company's newest game: Fairies Story 3. With their latest title now complete, a new project must begin—starting with a contest to decide the character designs for the upcoming game. Through hard work, dedication, and some guidance from the previous character designer, Kou Yagami, Aoba wins the contest and begins her new role as lead character designer.  However, her new job is not an easy one. In addition to having extra work and longer hours, Aoba questions whether she is the right fit for the job. As she overcomes her inexperience with the help of her friends and coworkers, Aoba is willing to face any challenge to make Eagle Jump's newest creation, a cutesy game called Peco.  [Written by MAL Rewrite]
32;Himouto! Umaru-chan R;https://cdn.myanimelist.net/images/anime/10/89671.jpg;TV;12;Finished Airing;2017-10-08;Manga;23.0;Umaru Doma is a model student who has a hidden side: when she gets home each day, she puts on her hamster hoodie and turns into a sluggish otaku fond of junk food. As Umaru continues these daily antics, the friendship between her and her classmates—Nana Ebina, Kirie Motoba, and Sylphinford Tachibana—deepens, and more and more interesting events begin to unfold.  Of course, these events give rise to numerous questions. What did Nana ask of Umaru's brother Taihei? Who is the mysterious girl with the diamond hairpin? And most important of all: why does this girl seem to know Umaru? These questions and more will be answered in Himouto! Umaru-chan R!  [Written by MAL Rewrite]
33;Wotaku ni Koi wa Muzukashii OVA;https://cdn.myanimelist.net/images/anime/1892/111383.jpg;OVA;3;Finished Airing;2019-03-29;Web manga;23.0;Tarou Kabakura, a third-year high school student and captain of the boys' volleyball team, is constantly being harassed by his underclassman Hanako Koyanagi, who is in charge of the girls' team. Koyanagi insists that since the girls have a match coming up, Kabakura should give up the courts to let them practice. When he refuses, she pulls out photographic evidence exposing his secret hobby.  With the danger of his entire team finding out about his otaku interests looming over him, Kabakura agrees to hand over the volleyball courts to Koyanagi, giving her some private coaching as well. As the two grow closer, they begin to forge an everlasting bond.  [Written by MAL Rewrite]  Third OVA—covering the "employee trip" chapter(s) from the sixth tankouban volume—will be bundled with the special edition of the 11th and final volume of the manga which ships on October 14, 2021.  (Source: MAL News, edited)
34;Watashi ni Tenshi ga Maiorita!;https://cdn.myanimelist.net/images/anime/1778/100470.jpg;TV;12;Finished Airing;2019-01-08;4-koma manga;23.0;College student Miyako Hoshino is quite shy around other people. She mostly spends her time in her room making cosplay outfits. When her fifth-grade sister Hinata brings her classmate Hana Shirosaki home, Miyako instantly becomes captivated with Hana's cuteness.  Miyako tries to do various things, ranging from making Hana wear cosplay dresses to giving her sweets. This gives Hana a bad impression of her at first, but Miyako will do anything to grow closer to the angel who has descended before her.  [Written by MAL Rewrite]
35;Danna ga Nani wo Itteiru ka Wakaranai Ken 2 Sure-me;https://cdn.myanimelist.net/images/anime/9/73595.jpg;TV;13;Finished Airing;2015-04-03;4-koma manga;3.0;The Tsunashi couple is as lively and offbeat as ever. Hardcore otaku shut-in Hajime and workaholic office lady Kaoru still get themselves into hilarious situations thanks to both their own eccentric natures and the bizarre group of friends surrounding them.  After learning about Kaoru's pregnancy, Hajime works harder than ever to become a good husband and a worthy father. Meanwhile, Kaoru reflects on their relationship and remembers all of the trials and tribulations that brought them closer. The two of them continue to put their best foot forward in their lives and their marriage—all for the sake of long-lasting, selfless love.  [Written by MAL Rewrite]
36;Ore no Imouto ga Konnani Kawaii Wake ga Nai Specials;https://cdn.myanimelist.net/images/anime/8/29734.jpg;ONA;4;Finished Airing;2011-02-22;Light novel;28.0;The true end arc of Ore no Imouto. These four episodes branch out after the 11th episode of the main TV series and present an alternative version to the end of the TV series. These episodes contrast with the good end arc of the TV series, which was an original ending written for the anime, and instead closely follows the original story from the light novels.
37;3D Kanojo: Real Girl 2nd Season;https://cdn.myanimelist.net/images/anime/1237/113435.jpg;TV;12;Finished Airing;2019-01-09;Manga;22.0;Teenage otaku Tsutsui is finally starting to feel comfortable in his relationship with his beautiful classmate Iroha, but the real world continues to make things tough for both of them. With the school cultural festival coming up, Tsutsui gets stuck working on the festival committee while Iroha's classmates pressure her to enter the beauty contest. Meanwhile, Tsutsui's best friend Itou finally works up the courage to confess his feelings to Ayado, but she turns him down. As Itou works to get over this rejection and Tsutsui struggles just to survive the festival, they both decide to do whatever they can to become better people. Will their good intentions pave the way to a happy outcome, or will more hearts be broken along the way?  (Source: ANN)
38;Sasaki to Miyano;https://cdn.myanimelist.net/images/anime/1182/119308.jpg;TV;12;Finished Airing;2022-01-10;Web manga;23.0;Yoshikazu Miyano's troubles first start one hot summer day when Shuumei Sasaki steps into his life. Sasaki saves Miyano's classmate from a group of bullies, and after that, Miyano cannot seem to shake off his eccentric upperclassman. His silent admiration for Sasaki gradually sours into annoyance each time the so-called delinquent refuses to leave him alone. Constantly being called by cute nicknames and having his boundaries ignored, Miyano wonders why Sasaki wants to get close to him.  The shy and easily flustered Miyano harbors an embarrassing secret—he is a "fudanshi," a boy who likes boys' love (BL) manga. The last thing he wants is for other students to find out, but through a slip of the tongue, he reveals the truth to Sasaki. Intrigued, the clueless Sasaki asks to borrow a book to read, which he is given very reluctantly. To Miyano's surprise, Sasaki enjoys the BL that he receives and asks for more, marking a shift in their strange dynamic.  Although Sasaki appears to possess some personal agenda, his feelings for Miyano become complicated the more time they spend together. As they now share a common interest, their relationship is poised to change and further develop.  [Written by MAL Rewrite]
39;Saenai Heroine no Sodatekata Fine;https://cdn.myanimelist.net/images/anime/1671/111411.jpg;Movie;1;Finished Airing;2019-10-26;Light novel;1.0;With the second Winter Comiket just around the corner, Blessing Software has been vigorously producing its new game, "How to Raise a Boring Girlfriend." Despite Utaha Kasumigaoka and Eriri Spencer Sawamura leaving the circle, Megumi Katou and Tomoya Aki are hopeful that, by sticking to Tomoya's original vision for the game, their upcoming creation will exceed Blessing Software's previous installment.  With the addition of new members Iori and Izumi Hashima, development ensues—but not without its share of setbacks. Things rarely go as planned in the dating sim industry, with numerous obstacles forcing Tomoya to decide between helping his friends or completing the game.  Saenai Heroine no Sodatekata Fine draws the series to a close as Tomoya selects his final route, both within his personal life and Blessing Software.  [Written by MAL Rewrite]
40;Genshiken;https://cdn.myanimelist.net/images/anime/1890/94707.jpg;TV;12;Finished Airing;2004-10-11;Manga;25.0;Kanji Sasahara is an introverted college freshman just looking for a place to fit in. One day, he happens to stumble upon the club known as the Society for the Study of Modern Visual Culture—otherwise known as Genshiken—that serves to bring the full spectrum of otaku culture together. His first visit to the club, however, does not end well as Sasahara's pride is crushed by his senior, Harunobu Madarame, and he leaves the meeting in full denial of his otaku nature. However, after befriending club member Makoto Kousaka, who turns out to be a hardcore otaku despite his looks, Sasahara becomes more involved with club activities which include obsessing over their favorite anime, reading doujinshi, and attending conventions. There, he meets other interesting people like Kousaka's vehemently non-otaku girlfriend Saki Kasukabe, who strives to turn her boyfriend into a "normal guy."  While Saki struggles to understand otaku culture and her boyfriend's love for it, Sasahara finds himself enjoying his time at Genshiken, gradually shedding any denial he once had about being an otaku and immersing himself in an otaku lifestyle.  [Written by MAL Rewrite]
41;Denpa Kyoushi;https://cdn.myanimelist.net/images/anime/4/73475.jpg;TV;24;Finished Airing;2015-04-04;Manga;23.0;Junichirou Kagami is a young published physicist, a genius, and a hopeless otaku. At the mercy of YD, a self-diagnosed illness which causes him to only be able to do what he "Yearns to Do," Junichirou foregoes his scientific career to maintain and improve his anime blog. However, when he gets hired as a high school physics teacher; his sister Suzune, no longer willing to tolerate his NEET lifestyle, forces him to take the position.  Despite the fact that Junichirou has no motivation to teach the standard curriculum, he may still have something of value to teach his students outside of academics. With his class in tow, Junichirou embarks on an unlikely journey filled with life lessons such as acceptance of others, how to make lasting friends, and what it means to live a better life by doing what you yearn to do.  [Written by MAL Rewrite]
42;Akiba's Trip The Animation;https://cdn.myanimelist.net/images/anime/9/83185.jpg;TV;13;Finished Airing;2017-01-04;Game;23.0;Otaku siblings Tamotsu and Niwaka Denkigai are shopping in Akihabara when it is overrun by vampiric cosplaying monsters! These creatures, known as "Bugged Ones," can possess anyone they bite and soon they begin causing mayhem across the city. As Tamotsu finds himself at the mercy of one of these creatures, he is rescued by the mysterious baseball bat-wielding Matome Mayonaka. Together, they fight through several more encounters with the Bugged Ones, but before long, Tamotsu is fatally wounded protecting Matome. With no other choice, she revives him as a high level Bugged One—just like her!  Tamotsu and Matome, along with excitable otaku cosplayer Arisa Ahokainen, make up the group "The Electric Mayonnaise" and they begin dispatching the Bugged Ones in the only way they know how: by ripping off their clothes and exposing them to sunlight!  [Written by MAL Rewrite]
43;Comic Girls;https://cdn.myanimelist.net/images/anime/1207/91794.jpg;TV;12;Finished Airing;2018-04-05;4-koma manga;23.0;Kaoruko "Chaos" Moeta is a young manga artist who is down on her luck. She wants to draw manga about high school girls, but her storyboards are bland, her art uninspired, and her premises weak. Her concerned, exasperated editor comes up with an idea: push Chaos to be more social. So, by her recommendation, Chaos moves into a dormitory for female manga artists. She soon meets the other residents: Tsubasa Katsuki, a shounen manga artist; Ruki Irokawa, who draws erotic manga popular with women; and Koyume Koizuka, a shoujo artist who, like Chaos, has yet to be serialized. Quickly striking up a friendship with these girls, Chaos finds new inspiration for her manga and continues to grow her creativity.  Comic Girls is a showcase of the daily lives of these manga artists. Will Chaos finally be able to make her debut and become serialized? None of the girls know, but they will all do their best to help each other become the best artists they can be.  [Written by MAL Rewrite]
44;Ore no Imouto ga Konnani Kawaii Wake ga Nai. Specials;https://cdn.myanimelist.net/images/anime/1314/129575.jpg;ONA;3;Finished Airing;2013-08-18;Light novel;24.0;Episodes 14–16 of OreImo 2 which finish adapting the OreImo novels.
45;Denki-gai no Honya-san;https://cdn.myanimelist.net/images/anime/13/68705.jpg;TV;12;Finished Airing;2014-10-02;Manga;23.0;Umio is a shy kid who just started his part time job at a manga store smack dab in the middle of the city. But his lifestyle isn't as glamorous as the neon lights that illuminate the city. Umio's closest friends are his co-workers who are all unique characters, to say the least, and although they're nice people, they have their quirks. They are a tight knit group of friends, have nicknames for each other and spend their weekends inside, sheltered from the extravagant scene happening on the outside.  (Source: MU)
46;Otonari ni Ginga;https://cdn.myanimelist.net/images/anime/1091/135041.jpg;TV;12;Finished Airing;2023-04-09;Manga;24.0;Ichirou Kuga has suddenly found himself taking on the responsibility of caring for his two younger siblings after their father's untimely death. To make ends meet, Ichirou rents out rooms in the apartment complex he inherited and works full-time as a shoujo manga artist. However, his manga sales are low, his assistants have recently left, and deadlines are fast approaching.  As stress threatens to overtake Ichirou, salvation comes in the form of an extremely competent novice artist, Shiori Goshiki, who becomes his new assistant. With her skills, they are able to tide over the difficult situation, and things begin looking up. But in a bizarre accident, a supernatural experience unfolds between Ichirou and Shirou, which leads her to declare them engaged.  With this seemingly innocuous action upending his life, Ichirou now has to manage his new and peculiar relationship with the mysterious girl, all the while following his own passion and fulfilling the duties that rest on his shoulders.  [Written by MAL Rewrite]
47;Shoujo-tachi wa Kouya wo Mezasu;https://cdn.myanimelist.net/images/anime/4/77837.jpg;TV;12;Finished Airing;2016-01-07;Visual novel;24.0;Shoujo-tachi wa Kouya wo Mezasu is a series all about finding oneself and a direction in life... no matter how far off the beaten path it might be.  Buntarou Hojo is a high school student who has a talent for writing, but no real direction in life or any plans for the future. His classmate, Sayuki Kuroda notices his talent, decides to help him find a way to use it properly by enlisting him in her bishoujo game development group.  When Buntarou is cornered in the men's bathroom at school by Sayuki, he is surprised when he is asked out on what he thinks is a date, and even further surprised when he finds out that it's not a date, but a job interview. Reluctantly agreeing, the two start recruiting other members for their team but will they learn more about game creation, or life itself along the way?
48;Gaikotsu Shotenin Honda-san;https://cdn.myanimelist.net/images/anime/1555/93865.jpg;TV;12;Finished Airing;2018-10-08;Web manga;11.0;Honda is a skeleton, but more importantly, he is a bookseller. And he'll tell you from firsthand experience that the job of a bookstore employee is more challenging than it may seem to the average customer.  Alongside his equally eccentric coworkers, Honda constantly deals with the stressful requirements of the bookselling industry. From the drama of receiving new titles without their bonus material to the struggle of providing quality service to customers who speak a different language, the work of a skeleton bookseller never ends.  Nevertheless, despite the hardships he faces, Honda thoroughly enjoys his job and strives to bring the best book selections and service to his customers.  [Written by MAL Rewrite]
49;Eromanga-sensei OVA;https://cdn.myanimelist.net/images/anime/1582/96343.jpg;OVA;2;Finished Airing;2019-01-16;Light novel;23.0;Yamada Elf's Love Song  As a novelist with works getting adapted into anime, Elf Yamada holds an event to celebrate her success and to thank everyone who had supported her. With her mother attending, she becomes more excited. However, just as her mother arrives, she tells Elf to go back home so that she can find a suitable husband. Elf, who harbors feelings for Masamune Izumi, chooses to say no…  Cooked Meals of Pure Love  Winter has come, and it's freezing outside. With her brother Masamune catching a cold, Sagiri Izumi decides to nurse her brother into good health by stepping outside the comfort of her room and doing the housework herself.  [Written by MAL Rewrite]
50;Sono Bisque Doll wa Koi wo Suru (Zoku-hen);https://cdn.myanimelist.net/images/anime/1160/128045.jpg;Unknown;0;Not yet aired;null;Manga;0.0;Sequel of Sono Bisque Doll wa Koi wo Suru.
51;Koe de Oshigoto! The Animation;https://cdn.myanimelist.net/images/anime/5/25524.jpg;OVA;2;Finished Airing;2010-11-17;Manga;30.0;Being asked to work as a voice actress at a game company might not be so bad, unless you are Kanna Aoyagi. On her 16th birthday, her older sister Yayoi guilts Kanna into doing voice work for her at Blue March, a game company that specializes in eroge: erotic games with lots of sexual content.  Sweet and innocent, Kanna has no idea how she can possibly succeed at such an occupation when she has no sexual experience. But as she plays eroge for research, uses her vivid imagination, and receives unorthodox help from her coworkers, Kanna slowly becomes more comfortable with her new, embarrassing profession.  [Written by MAL Rewrite]
52;Watashi ga Motenai no wa Dou Kangaetemo Omaera ga Warui!: Motenaishi, Nazomeite Miru;https://cdn.myanimelist.net/images/anime/7/60743.jpg;OVA;1;Finished Airing;2014-10-22;Web manga;27.0;Aomatsu is just an ordinary otaku leading an uneventful life in middle school. In an attempt to spice things up, he decides to visit the roof of the school, and it is there that he sees a mysterious young maiden with pitch-black hair. Unbeknownst to him, her name is Tomoko Kuroki, and she is infamous for her bizarre behavior.  The conversation that ensues from the meeting leaves a lasting impression on Aomatsu, compelling him to return day after day just to see Tomoko again. Tomoko's view of their meetings, however, is quite different from that of Aomatsu, leading to the two having significantly different memories of a particular event.  [Written by MAL Rewrite]
53;Genshiken 2;https://cdn.myanimelist.net/images/anime/1958/94708.jpg;TV;12;Finished Airing;2007-10-10;Manga;24.0;The Society for the Study of Modern Visual Culture, otherwise known as Genshiken, is now under the charge of a more confident Sasahara. Things have changed in between semesters, and the otaku club now has a new otaku-hating member named Ogiue. Sasahara's initial goal of starting a doujin circle and selling those fan-made magazines at the next Comic Festival becomes a reality, but reality is a cruel master... who apparently crossplays. Afterward, the club is abuzz with talk about Tanaka and Ohno's relationship, which takes a hesitant step forward.  (Source: Media Blasters)
54;Himouto! Umaru-chan OVA;https://cdn.myanimelist.net/images/anime/7/76826.jpg;OVA;2;Finished Airing;2015-10-19;Manga;23.0;Episodes included in the manga's seventh and tenth volumes.
55;Animegataris;https://cdn.myanimelist.net/images/anime/12/89686.jpg;TV;12;Finished Airing;2017-10-08;Original;23.0;After dreaming about an anime she used to watch as a child, Minoa Asagaya could not forget a particularly memorable scene. However, despite her best efforts, she cannot recall the name of the show. Due to this, Minoa asks for help from her fellow classmates at Sakaneko High School. Her conversation is overheard by Arisu Kamiigusa, the most popular and wealthy girl in class who is also a hardcore otaku. Yet even with her vast knowledge, Arisu does not recognize the show.  After discovering that there isn't an anime club at their school, Minoa and Arisu create the Anime Research Club, as they may obtain the answer to Minoa's mystery if they gather people who share the same interest. Thus, Minoa is exposed to a bizarre new world—the world of anime!  [Written by MAL Rewrite]
56;Fudanshi Koukou Seikatsu;https://cdn.myanimelist.net/images/anime/2/80966.jpg;TV;12;Finished Airing;2016-07-05;4-koma manga;3.0;Ryou Sakaguchi is a totally normal high school student, aside from his single unusual hobby. Sakaguchi is a fudanshi—a man who loves reading "boys' love" manga, and fantasizing about the gay potential he sees everywhere. He has only one wish before he dies: to find himself some friends that understand his secret passion.  His wish comes true, as Sakaguchi begins to uncover a host of interested parties. There's Rumi Nishihara, a closeted fujoshi who is more than eager to discuss the joys of boys' love with Sakaguchi; the flamboyantly gay leader of the school's cooking club, Yuujirou Shiratori, who makes no effort whatsoever to conceal his sexuality; Akira Ueda, Shiratori's diligent admirer, who will do anything for the love of his life; and even the mischievous Daigo, a fellow fudanshi and popular author of boys' love doujinshi. Standing by their sides throughout all the otaku chaos is Sakaguchi's best friend, Toshiaki Nakamura, who only wishes his classmates would start acting more like normal people.  [Written by MAL Rewrite]
57;Mahou Shoujo Magical Destroyers;https://cdn.myanimelist.net/images/anime/1203/134079.jpg;TV;12;Finished Airing;2023-04-08;Original;23.0;In 2008, the Japanese government began hunting people who identify as otaku in an effort to protect the country's culture. In just one week, the enforcement agency known as the SSC captured almost every otaku by force and confiscated their memorabilia. One passionate man calling himself Otaku Hero refuses to allow this agency to do as they please: he raises a resistance army made up of other displaced geeks who band together to help defend their culture.  Three years later, the fires of rebellion wane as all hope seems lost for otakus. Spurred on by his ally—the magical girl Anarchy—Otaku Hero commands the resistance in an effort to reunite Anarchy with the other two other magical girls: Blue and Pink. By combining the power of this trio, the resistance may be able to defeat the SSC and save otaku culture for everyone.  [Written by MAL Rewrite]
58;Love Stage!!: Chotto ja Nakutte;https://cdn.myanimelist.net/images/anime/2/72350.jpg;OVA;1;Finished Airing;2014-11-22;Manga;23.0;Bundled with volume four of the manga series Love Stage!! written by Eiki Eiki.  This OVA takes place right after the final episode of Love Stage!! the anime series, which is based on the manga volumes 1-3.
59;Sanrio Danshi;https://cdn.myanimelist.net/images/anime/13/89890.jpg;TV;12;Finished Airing;2018-01-06;Mixed media;24.0;Kouta Hasegawa is a completely normal high school student who likes his Pompompurin stuffed animal, a Sanrio character modelled after a Golden Retriever, which his grandmother gave him when he was young. However, an incident in which other kids accused him of being girly for liking Sanrio characters made him ashamed of his attachment to Pompompurin.  Through a series of unexpected events, Kouta ends up meeting others at school who also like Sanrio characters—Yuu Mizuno, a flashy boy who is popular with girls; Shunsuke Yoshino, a member of the soccer team; Ryou Nishimiya, an underclassman who is a library assistant; and Seiichirou Minamoto, the student council president.  Through his new friends, Kouta learns that there is no need to be embarrassed for liking Sanrio characters; and together, they aim to create a play for the cultural festival in order to transform his normal school life into a sparkly one.  [Written by MAL Rewrite]
60;Genshiken Nidaime;https://cdn.myanimelist.net/images/anime/11/52935.jpg;TV;13;Finished Airing;2013-07-07;Manga;24.0;Another college semester begins and the returning members of Genshiken attempt to recruit new club members. Three new members join the club, attracted by Ogiue's BL drawings. She welcomes the new members but fears the club will become a "fujoshi" haven for yaoi fans and is getting a bit too far removed from its original purpose.  (Source: ANN)
61;Genshiken OVA;https://cdn.myanimelist.net/images/anime/2/21672.jpg;OVA;3;Finished Airing;2006-12-22;Manga;24.0;It's the start of a new year for the Genshiken crew, and that means recruiting new members. Always a dreaded task, The Society for the Study of Modern Visual Culture manages to get Chika Ogiue pushed onto them from the Manga Club. With her introduction of "I'm Ogiue and I hate otaku," this year certainly will be anything but boring.  (Source: ANN)
62;Shirobako Movie;https://cdn.myanimelist.net/images/anime/1328/111351.jpg;Movie;1;Finished Airing;2020-02-29;Original;2.0;Four years after the production of Daisan Hikou Shoujotai, the once renowned Musashino Animation—commonly known as "Musani"—is in a dire state. The abrupt cancellation of an ambitious project left the company in financial turmoil, causing most of the staff members to resign. Since then, Musani has failed to create any remarkable works and gradually lost its luster. Despite her wavering optimism, producer Aoi Miyamori is unwilling to let this situation continue. Luckily, her opportunity comes in the form of SIVA, an original feature film scheduled to release in 10 months.  Meanwhile, Aoi's friends are also facing problems with their own professions: animation supervisor Ema Yasuhara is struggling to keep up with her tight schedule; reporter and voice actress Shizuka Sakaki is discontent with the lack of anime roles; screenwriter Midori Imai has been unable to find inspiration since her previous failure; and 3D artist Misa Toudou is concerned that her excessive passion hinders her career.  While the anime industry is one full of setbacks and uncertainties, the five girls are all hellbent on persevering through the arduous path ahead—which just might bring them a step closer to accomplishing their shared dream.  [Written by MAL Rewrite]
63;Oshi ga Budoukan Ittekuretara Shinu;https://cdn.myanimelist.net/images/anime/1139/104708.jpg;TV;12;Finished Airing;2020-01-10;Manga;24.0;After receiving a flyer from Maina Ichii—a member of the idol group ChamJam—and seeing her perform at a local concert, Eripiyo falls in love with Maina and decides to devote her life to supporting the shy and reserved rising star. Eripiyo's charismatic presence and iconic red tracksuit soon give her recognition as Maina's one and only unrivaled fan.  Whether it be a performance or a small fan gathering in the middle of nowhere, Eripiyo is guaranteed to be at every event Maina participates in. Not even an injury or Maina's seemingly cold attitude toward her can stop Eripiyo from pursuing her dream of seeing her beloved idol perform at the world-famous arena Budoukan.  [Written by MAL Rewrite]
64;Sasaki to Miyano Movie: Sotsugyou-hen;https://cdn.myanimelist.net/images/anime/1574/128922.jpg;Movie;1;Finished Airing;2023-02-17;Manga;51.0;No synopsis information has been added to this title. Help improve our database by adding a synopsis here.
65;16bit Sensation: Another Layer;https://cdn.myanimelist.net/images/anime/1588/138395.jpg;TV;13;Currently Airing;2023-10-05;Web manga;23.0;Konoha Akisato is an illustrator who loves beautiful girls and bishoujo games. She works at a video game studio and aspires to become a super famous illustrator. However, reality did not work out as well as she had hoped. In the present, where mobile games are all the rage, Konoha spent her days as a sub-illustrator just coloring the back of background characters.  One day, after some happenings, Konoha got her hand on a masterpiece of a bishoujo game from the owner of a game shop. Thinking back to the golden age of bishoujo games, Konoha opened the package of "Dokyusei" and was suddenly enveloped by a dazzling light, transferring her to the past!  She arrived in the year 1992—The golden age of bishoujo games! Now joining a company named "Alcoholsoft," will Konoha be able to think, draw, and create her beautiful girls?!  A story about a girl brought to you by her overwhelming love for beautiful girls—"Now, let's start!"  (Source: MUSE Communication, edited)
66;Sasaki to Miyano: Koi ni Kizuku Mae no Chotto Shita Hanashi.;https://cdn.myanimelist.net/images/anime/1455/120322.jpg;OVA;1;Finished Airing;2022-07-27;Manga;23.0;After returning from a field trip, Yoshikazu Miyano—along with his friends—is ready to take over the Discipline Committee. But when a student loses their keychain, the now former chairman Masato Hanzawa uses this opportunity to create the First Lost Item Detective Squad in order to find the misplaced belonging.  Amidst all this, Shuumei Sasaki is trying to determine how to define his relationship with Miyano going forward. Hoping to be helpful to Miyano, he joins the search party. Yet, even with Sasaki on board, the investigation remains unsuccessful. The group must continue to look everywhere and solve the mystery surrounding the keychain soon—as they discover that many more items have gone missing.  [Written by MAL Rewrite]
67;Mangirl!;https://cdn.myanimelist.net/images/anime/6/45314.jpg;TV;13;Finished Airing;2013-01-03;Manga;3.0;"We're going to launch a manga magazine!"  A team of girls with zero experience in manga editing are off and running toward their dream of creating the biggest manga magazine in Japan! They seem to do nothing but run into problems and failures... But still they're working hard every day!  (Source: Crunchyroll)
68;Otaku no Video;https://cdn.myanimelist.net/images/anime/1217/117018.jpg;OVA;2;Finished Airing;1991-09-27;Other;48.0;Somewhat based on the real story of how Gainax was founded, Otaku no Video addresses all aspects of an otaku lifestyle. Ken Kubo is a young man living an average life until he is dragged into a group of otaku. Slowly, he becomes more like them until he decides to abandon his former life to become king of otaku—the otaking!  Mixed in are live-action interviews with real otaku, addressing every aspect of hardcore otaku life. Not only are anime and manga fans included, but also sci-fi fans, military fans, and other groups of Japanese geeks.
69;Watashi ni Tenshi ga Maiorita! Special;https://cdn.myanimelist.net/images/anime/1057/98215.jpg;Special;1;Finished Airing;2019-05-24;4-koma manga;22.0;Hinata Hoshino, Hana Shirosaki, and Noa Himesaka are off to the countryside for a camping trip. At Hinata's behest, her elder sister, Miyako, reluctantly tags along. Seeing how gloomy Miyako is, the trio do their best to get her to enjoy herself too.  Besides the camping trip, Watashi ni Tenshi ga Maiorita! Special contains three more short stories of the girls. Although their lives seem normal, one thing is certain: there is definitely no shortage of cuteness here!  [Written by MAL Rewrite]
70;Doujin Work;https://cdn.myanimelist.net/images/anime/8/75482.jpg;TV;12;Finished Airing;2007-07-04;4-koma manga;13.0;Doujin Work follows the life of a young girl named Najimi Osana and her exposure into the doujin world. She was first tempted into becoming a doujin artist after seeing how much one of her friends can make at a convention. Najimi loves to draw, though soon learns contrary to what she expected that this new world is anything but easy. As she attends more conventions and meets more people, Najimi eventually manages to find a group of very interesting friends. These friends already have some experience in the field and help her out along the way so that she can someday make a name for herself creating doujinshi.  (Source: ANN)
71;Shirobako Specials;https://cdn.myanimelist.net/images/anime/6/72234.jpg;Special;2;Finished Airing;2015-02-25;Original;25.0;Shirobako Specials is an OVA adaptation of the first episodes of the two fictional television anime produced by Musashino Animation in the Shirobako television anime.  Exodus!: Shutsu Tokyo Akane, Aya, and Alpine are the three members of the struggling idol group Tracy, which has yet to make a name for themselves. After their performance at a supermarket attracts a dismal audience, the trio's leader Akane decides to turn their fortune around by confronting their disinterested manager Taguchi. But the girls are in for a surprise when they stumble across Taguchi's corpse in a storage room, and become the prime suspects in his murder—all the while rising to the widespread fame they so desperately wanted.  Daisan Hikou Shoujotai: FALLING ANGEL The 307 Aerial Squad, also known as "Hell Alice," is part of a global military resistance against the enigmatic Builders, who have covered a third of Earth's surface with mysterious structures known as Pillars. With all aircraft built after the 1970s disabled by the Pillars, Hell Alice must pilot their outdated equipment against the advanced technology stolen by the Builders. Among their ranks is the talented, school-aged Japanese girl Aria Hitotose, the so-called "Ice Doll" who never hesitates in even the most dire of situations. When an operation to rescue survivors from a destroyed base goes awry, it is up to Aria and her trusty allies to save the day.  [Written by MAL Rewrite]
72;Daicon Opening Animations;https://cdn.myanimelist.net/images/anime/12/3673.jpg;Special;2;Finished Airing;1981-08-22;Other;5.0;Daicon III Opening Animation An unnamed girl watches as the Science Patrol lands their aircraft. A masked individual exits the ship and approaches the girl, entrusting her with a cup of water and a simple task: to water a radish. The girl enthusiastically accepts her mission but is obstructed by a multitude of foes. Faced with waves of unrelenting monsters, mechas, and starfighters, can the young heroine protect the cup of water and make it to the radish unharmed?  Daicon IV Opening Animation Clad in a Playboy Bunny suit, an older version of the same girl takes on new and notable adversaries from around the galaxy. From dueling with lightsabers to surfing the magical sword Stormbringer, there is no shortage of action!  Set to Electric Light Orchestra's "Twilight," the Daicon IV Opening Animation is a grand tribute to science fiction culture, showcasing hundreds of familiar characters in one spectacular bout.  [Written by MAL Rewrite]
73;Comic Party;https://cdn.myanimelist.net/images/anime/1809/130426.jpg;TV;13;Finished Airing;2001-04-02;Visual novel;24.0;Destiny or delusion? It's a hilarious rollercoaster of laughter and confusion when Taishi, the ultimate otaku, drags his friend Kazuki into the swirling world of ambition, hatred, and love—the world of fan comics! Poor clueless Kazuki must sink or swim when he's dumped straight into the middle of a massive comic convention. Lost amidst hoards of buyers, sellers, and cosplayers, Kazuki is about to be baptized by fire, all in order to lead him toward his true calling: to take over the world through fan comics!  Meanwhile, Kazuki's childhood friend Mizuki isn't about to let him be dragged from his normal life without a fight! But will she be able to stop the addictive draw of the new world that lies before Kazuki? Little by little, Kazuki is slipping down the path towards destiny—and Taishi is shoving him every step of the way!  (Source: RightStuf)
74;Genshiken Nidaime OVA;https://cdn.myanimelist.net/images/anime/12/57145.jpg;OVA;1;Finished Airing;2013-12-20;Manga;23.0;Bundled with the limited edition of the 15th volume of the manga.
75;Penguin Musume♥Heart;https://cdn.myanimelist.net/images/anime/2/8270.jpg;ONA;22;Finished Airing;2008-04-19;Manga;11.0;Sakura Nankyoku is a total otaku. Due to a fluke, she gets elected as her class' Student Council President. Everything takes off from there into a series of crazy misadventures revolving around Sakura, her family, and her classmates.  (Source: ANN)
76;Bakuman.: Deraman.;https://cdn.myanimelist.net/images/anime/10/60857.jpg;Special;2;Finished Airing;2012-09-29;Manga;25.0;Summary of the previous two seasons of Bakuman.
77;Shoujo-tachi wa Kouya wo Mezasu: Iubeki Monokashira;https://cdn.myanimelist.net/images/anime/1625/130771.jpg;OVA;1;Finished Airing;2016-03-25;Visual novel;23.0;Buntarou doesn't know what he wants to do in the future. He does not have any kind of dream that he wants to pursue, so currently he just spends his days hanging around with his friends. One day, his classmate Sayuki asks him if he wants to help with development of a gal game. She says that she had become interested in his help after she read one his works intended for the drama club.  Buntarou doesn't know anything about gal games, but Sayuki claims that she has the ability to make it a success. Can they make the game and will it be a success like she claims it will be? This is the story of youths taking a daring step into the unknown...  (Source: Otaku Lair)
78;Cosplay Complex;https://cdn.myanimelist.net/images/anime/13/19185.jpg;OVA;3;Finished Airing;2002-05-25;Original;29.0;Meet Chako and her friends from the Cosplay Association at East Oizuki Academy! They're the hottest new cosplay team in Japan...fresh from a winning streak of local battles, they're set to sweep the Cosplay World Series!  Yeah, right.  In reality, Chako and her friends are barely able to keep their club alive at all. Feeble club membership and a lack of sponsorship might be the end of their cosplay dreams before they can even start. But don't you dare underestimate this group of spunky girls! They'll survive a barrage of pervy newcomers, cosplay rivalries, costume disasters and dating mishaps in order to reach their ultimate goal of competing in the World Series. The clothing flies as the girls suit up (and strip down) for Cosplay Complex!  (Source: DVD Back Cover)
79;2.5-jigen no Ririsa;https://cdn.myanimelist.net/images/anime/1630/137739.jpg;TV;0;Not yet aired;null;Manga;0.0;"I have no interest in real girls!" So claims Okumura, the president of the school's manga club. He's your typical otaku, obsessed with a sexy (fictional) 2D manga character known as Lilliel. Then the new school year starts, and a (real!) 3D girl named Lilysa whose passion is cosplay joins the club. Lilysa convinces Okumura to become her photographer—and guess who her favorite manga character is? Not only that, but Lilysa is into modeling the fetishy stuff! The boundaries between 2D and 3D start to blur as this hot-blooded romantic comedy unfolds.  (Source: Seven Seas Entertainment)
80;Animation Seisaku Shinkou Kuromi-chan;https://cdn.myanimelist.net/images/anime/1/1797.jpg;OVA;1;Finished Airing;2001-03-30;Original;37.0;After being inspired by the fictional anime, "Luis Monde III", Mikiko "Kuromi" Oguro goes to animation school and finally lands the job of her dreams at Studio Petit. Upon arriving, she meets the head of production. Unfortunately for her, he dies soon after meeting her and passes his position unto her. Now that she's head of production of "Time Journeys", it's up to her to rally up the lazy animator's and finish the second episode in a week.  (Source: ANN)
81;Comic Party Revolution;https://cdn.myanimelist.net/images/anime/1100/130425.jpg;TV;13;Finished Airing;2005-04-04;Visual novel;24.0;Sendo Kazuki, failed the entrance exam for the art college he was applying to, His childhood friend, Kuhonbutsu Taishi forced Kazuki to enter the doujin (private publishing) world.  (Source: AnimeNfo)
82;Gaikotsu Shotenin Honda-san OVA;https://cdn.myanimelist.net/images/anime/1763/132688.jpg;OVA;1;Finished Airing;2019-02-27;Web manga;2.0;Unaired episode included with the DVD releases bundled with the re-release of the first three volumes of the manga.
83;Genshiken Nidaime Specials;https://cdn.myanimelist.net/images/anime/3/54119.jpg;Special;4;Finished Airing;2013-09-04;Manga;3.0;Special episodes included in BD.
84;Animation Seisaku Shinkou Kuromi-chan 2;https://cdn.myanimelist.net/images/anime/1/1798.jpg;OVA;1;Finished Airing;2004-01-28;Original;45.0;Following Studio Petit's popularity for Time Journey's, the crew is now faced with 3 anime at the same time. Rushing to fill the quotas, the owner of Studio Petit hires Takashimadaira, a veteran producer to help Kuromi. However, all Takashimadaira cares about is making deadlines, severely hurting the quality of the images. Shihonmatsu, who has been helping Kuromi, gets angry at the new producer and leaves, leaving Kuromi with a difficult choice: to choose between the quality or the deadline. Studio Petit managed to survive the production of "Time Journeys," but now that show's finished, and in its place they've got no less than three series to animate, with just four artists, one manager and one director - not to mention one very bedraggled animation runner. And it doesn't help that Shihonmatsu picked this week to quit smoking. As the staff starts to fall behind their crushing deadlines, the owner calls in an old "pro," Takashimadaira, to get production back on track. But once he starts putting speed above quality, the Petit team has to choose between following orders and doing their jobs right.  (Source: ANN)
85;Fudanshi Koukou Seikatsu: Sports no Aki, Bonnou no Aki;https://cdn.myanimelist.net/images/anime/9/89162.jpg;Special;1;Finished Airing;2016-10-14;4-koma manga;4.0;A bonus episode bundled with the DVD and Blu-ray releases taking place at a sports day.
86;Eizouken Mini Anime;https://cdn.myanimelist.net/images/anime/1873/106472.jpg;ONA;13;Finished Airing;2020-01-08;Manga;1.0;Short episodes with super-deformed characters posted in official Twitter account and later released with the BD Box. Includes one recap episode of the first 4 episodes of the main series
87;Boku, Otaryman.;https://cdn.myanimelist.net/images/anime/13/19796.jpg;OVA;1;Finished Airing;2010-01-29;Manga;35.0;Boku, Otary-man (otaku + salaryman) is a autobiographical manga of the author Yoshitani, who is also working as a system engineer. It's about a slice of life of an office worker, who is a little bit otaku.
88;Comic Party Specials;https://cdn.myanimelist.net/images/anime/11/5319.jpg;Special;4;Finished Airing;2003-01-13;Visual novel;7.0;The DVD Specials.  Kazuki, together with his friends, goes to a Comic Party that's going to be held in a hot spring. There, they make an incredible discovery that is going to reveal something amazing about comic conventions.
89;Penguin Musume♥Heart Special;https://cdn.myanimelist.net/images/anime/13/30423.jpg;Special;1;Finished Airing;2008-08-01;Manga;10.0;ONA Special episode #11.5.
90;VTuber Nandaga Haishin Kiri Wasuretara Densetsu ni Natteta;https://cdn.myanimelist.net/images/anime/1548/136765.jpg;TV;0;Not yet aired;null;Light novel;0.0;Twenty-year-old former wage slave Yuki Tanaka now works among her idols: the streamers of Live-On, one of Japan's top VTuber companies. As the gorgeous, polite Awayuki Kokorone, she delivers only the most ladylike content. Unfortunately, her subscriber count and savings are at rock bottom.  One evening, after Yuki thinks she's ended her stream, she cracks a few cold ones—and more than a few crude jokes—while watching Live-On's video archives. But her viewers hear it all, and clips of her bawdy, drunken commentary go viral overnight. Yuki thinks her career is over...until her manager reveals that everyone at Live-On has been waiting for her to snap all along and gives her free rein to drink on-stream.  Now free of all feigned purity, she jumps right into her new "rowdy drunk" character and is welcomed into the fold by her fellow Live-On VTubers, who turn out to be just as crazy as she is! With her views and finances skyrocketing, Yuki's work—for the first time in her life—is actually fun!  (Source: J-Novel Club)
91;Comic Party Revolution OVA;https://cdn.myanimelist.net/images/anime/12/24592.jpg;OVA;4;Finished Airing;2003-12-22;Visual novel;30.0;A college student, Sendō Kazuki, happened to set foot in the doujinshi community. There, people are producing and selling doujinshi, which is the comic book drawn by fans rather than professional writers. At first he was reluctant, but as he met the girls earnest about producing doujinshi, he was gradually involved in creating it himself.  This series is based on a Dreamcast/PC game, "Comic Party", and its setting is different from the TV series. The main characters, Kazuki, Taishi, and Mizuki are college students whereas they were high school students in the TV series. The story starts after Kazuki has become acquainted with other characters.  (Original description from AnimeNfo)
92;Rude Lose Dance;https://cdn.myanimelist.net/images/anime/1036/133038.jpg;Music;1;Finished Airing;2023-01-27;Original;4.0;Music video for the song Rude Lose Dance by Minami.
